lodindex,lodcolumn,chr,pos,lod,ci_lo,ci_hi
1,zHeart_GSH,14,27.551,7.49225549725843,25.407,27.966
1,zHeart_GSH,16,57.035,6.96857156454624,57.016,57.841
1,zHeart_GSH,19,52.157,6.59622422652017,3.158,53.747
2,zHeart_GSSG,10,72.222,6.41088918287253,43.709,72.548
4,zGSHGSSG_Ratio,5,20.787,6.10393796341776,17.501,82.49
4,zGSHGSSG_Ratio,14,27.551,6.15378124112654,11.224,42.809
5,zredoxPot,14,27.551,6.96993055016565,25.405,27.936
5,zredoxPot,16,57.035,6.57350903237068,57.016,57.841
5,zredoxPot,19,52.157,6.14726648135678,3.097,53.882
