lodindex,lodcolumn,chr,pos,lod,ci_lo,ci_hi
1,zHeart_GSH,14,27.551,7.49225549725843,25.407,27.966
1,zHeart_GSH,16,57.035,6.96857156454624,57.016,57.841
1,zHeart_GSH,19,52.157,6.59622422652017,3.158,53.747
2,zHeart_GSSG,10,72.222,6.41088918287253,43.709,72.548
4,zGSHGSSG_Ratio,5,20.787,6.10393796341776,17.501,82.49
4,zGSHGSSG_Ratio,14,27.551,6.15378124112654,11.224,42.809
5,zredoxPot,14,27.551,6.96993055016565,25.405,27.936
5,zredoxPot,16,57.035,6.57350903237068,57.016,57.841
5,zredoxPot,19,52.157,6.14726648135678,3.097,53.882
lodindex,lodcolumn,chr,pos,lod,ci_lo,ci_hi
1,zHeart_GSH,14,54.23953,7.49225549725843,48.909156,55.302604
1,zHeart_GSH,16,96.735776,6.96857156454624,96.670035,98.096875
1,zHeart_GSH,19,57.209308,6.59622422652017,3.402767,57.880587
2,zHeart_GSSG,10,124.103853,6.41088918287253,87.901715,125.347246
4,zGSHGSSG_Ratio,5,38.838612,6.10393796341776,37.152061,122.874759
4,zGSHGSSG_Ratio,14,54.23953,6.15378124112654,26.536197,80.309719
5,zredoxPot,14,54.23953,6.96993055016565,48.905271,55.226142
5,zredoxPot,16,96.735776,6.57350903237068,96.670035,98.096875
5,zredoxPot,19,57.209308,6.14726648135678,3.263752,57.978364
